{
    "conductor_radius": 9.772050238058398,
    "insulation_outer_radius": 14.772050238058398,
    "sheath_outer_radius": 16.772050238058398,
    "overall_diameter": 39.544100476116796
}