{
    "conductor_radius": 8.740387444736633,
    "insulation_outer_radius": 11.740387444736633,
    "sheath_outer_radius": 13.740387444736633,
    "overall_diameter": 27.480774889473267
}